x1,x2,x3,f1,f2
-1.0533867765621103,-1.1819609986392914,2.2667582401506023,-13.283132782407097,-9.451230585570933
-1.024489323374969,-1.1377034321931794,-0.3687908192950572,-15.235000707455447,-7.046736234074673
-0.9980097129352413,-0.04095951564519862,1.7210939376714804,-15.276238673304093,-6.204064308107656
-1.1042953349161355,-1.0456091569143486,0.5004779286122454,-15.308168309266893,-6.10580708916914
0.043053872088137435,-0.8767874676196468,-1.2000296540575028,-15.818435455457468,-5.920599272251232
0.2744619919733149,-0.9538682424560906,-0.9659500524061375,-15.821770549529058,-5.341062627244368
-0.7825163404807295,0.24352992976580318,-1.0632290972863585,-16.528236653883162,-4.701491505411191
-0.963582153354293,-0.03606468394752886,-0.6486818658080851,-17.027555224206147,-3.499988136072779
-1.0883205041341748,-0.08345739466512136,-0.07733156097951893,-17.813831705881107,-3.47185407535269
-1.055388915885133,-0.05180495908683981,0.012792441072152404,-17.98889869154092,-3.4468676025560137
-0.8550526139827386,-0.0220506568591128,0.08430582588497867,-18.254874105111753,-1.8553203236265676
-0.8517630100250244,-0.022080428898334503,0.07599129527807236,-18.276168720864195,-1.8405917685015407
-0.0976839792931986,-0.22183715187275488,-0.5870853586201215,-18.347161555843243,0.04430958691187237
-0.5102131366729736,-0.005565225146710873,-0.21846038103103638,-18.602206803102696,0.18130783136388534
0.009809036570407612,-0.05582197183417159,-0.14971343833873327,-19.572774149761887,0.3253854347941357
0.028936454322602667,-0.050439020202033245,-0.12522538638432187,-19.617982696142747,0.3298359551975294
-1.0626660148606895,1.667796477000677,4.991915661096292,-10.223516353356631,-8.246245323884118
-3.2189666339498713,-0.9417177684041911,2.5831612317581225,-10.883222374100978,-7.731356962998452
-0.6613688326968538,-1.0409963466211671,3.3072023508569344,-12.812596656788807,-6.584789655233584
-1.0450140587736103,-1.2671422686270837,-0.36048885750839377,-14.883769638164281,-6.565175686109221
1.6752700805664062,-0.9660091400146484,-0.39355871081352234,-14.909531177406121,-6.267488558155556
0.1816314281648875,-0.990435282573921,-0.9278599528126948,-15.798801614034662,-5.491907062367384
-1.3343780208809652,-0.12674833614194655,-1.0024975694622205,-15.818657640381087,-5.249573180618285
0.10953864828480328,-0.7330717088701209,-1.056083392478689,-16.355014543558603,-4.536430483158055
-1.232113106425159,-0.4004793296380802,-0.5174678805804565,-16.49070076271014,-3.535701445154965
-0.6354960391588174,0.13715060334454698,-0.9882115736208499,-16.971832311800483,-3.476260839081276
-1.1199422375438401,-0.307990530840625,-0.186284220605191,-17.232463410031237,-3.3642314118560113
-1.0404614386482327,-0.04860041541297533,-0.06480188349035683,-17.958780075745487,-3.282966849382252
0.0012030639892609968,-0.40896845715637675,-0.4591090347118172,-18.0575251597605,0.20527170651930632
-0.47907091451981876,0.0006496711645213775,-0.330805941503047,-18.446126235342074,0.2409632221782778
-0.11762913316488266,-0.06561487913131714,-0.08006376028060913,-19.5293089101133,0.4141552968447994
1.6380271766346497,4.632712597977708,-1.0684736531899026,-7.6068491950684285,-7.961785325523636
0.03407019234392772,-1.1798872790894777,2.5727587049984173,-13.574663004742188,-6.49401244595659
-1.0383792057463872,-0.24920321317699462,2.587252540999683,-14.02305888447204,-6.074119482215471
1.6117932302032083,-0.38055137665640343,1.7022403632812202,-14.235434902511042,-6.023943572525408
-1.1014019113286144,-1.291832938170307,0.41272072300100293,-14.745485483062582,-5.879797518583586
0.22724999953292346,-0.9649149728913275,-1.307443725899404,-15.426885320799265,-5.273478382688884
-0.8160379372371347,-0.1525689813924505,1.6585534179017933,-15.637066068620225,-4.975835446414907
-0.7709723711013794,-0.20612506568431854,1.6828768253326416,-15.648938174217243,-4.637234064279727
-0.5568094298737336,-0.9072766267839222,-0.8004589727523829,-15.933049775647234,-4.320901235030861
-1.0173389692220354,-0.7905281446336112,0.46237505057382294,-16.054778444059686,-3.839870799830772
-0.5213442490988868,-0.8641188472722704,-0.7891527090627423,-16.085480468786276,-3.761588775202439
-0.284057097854574,-0.9447191651408854,-0.6880514264232589,-16.125085251058245,-3.3859781360497174
-1.1968379078128943,-0.2947607575263925,-0.21773330329938484,-17.108453362093535,-3.3019178340969164
-1.0326477242539054,-0.05234951047806143,-0.07582061455085282,-17.94927868962897,-3.214120614094134
-0.407912728667136,-0.4076616042347234,-0.11139671959014909,-18.100153302812465,0.4641146219081696
-0.16178071597732147,0.03917710292769183,-0.14364740502634032,-19.3791693112241,0.48384129652370594
1.7591108947748868,-1.0426457605971502,1.5279879653400392,-13.550869704163897,-6.308168522924152
1.6637757176540096,-0.8378436065060471,-0.22491027302774524,-15.296804825741024,-5.128660599908443
-0.6202777615582403,-1.1599701892508996,0.07353221040620647,-15.612621948802932,-4.247280935383274
-0.3866222150667592,-0.9325657083283365,-0.7075814014026134,-16.08435113636749,-3.4768022101890708
-0.2086502056033096,-1.0643779787874386,-0.20110564535741898,-16.102067416263697,-3.1429724338815332
-0.08374809827712482,0.23481253559777254,-1.2398802666222766,-17.28308998625949,-3.020841632998247
-1.0511247822648042,0.2880046696372213,-0.022601218525600368,-17.480062748192644,-3.0089863250274718
-1.0077831145743679,-0.19134023304854958,-0.06597688178953265,-17.748483766250576,-2.920014222589891
0.18583686331609856,0.0026111333675838677,-0.927653648696534,-17.941740196316342,-2.338238784251054
0.01929946546114264,0.22023515241412445,-0.05493516169812113,-19.123658011134907,0.4913331198915135
-0.027305628276758837,-0.060532784464231014,0.3755888639861674,-19.135419929479,0.8826025784100742
-1.0581662632682463,-1.9204356923960821,-0.6637743685858517,-13.110369541165444,-6.206642650063889
1.801220504627899,-1.0934019296116664,1.550346221574183,-13.40366931449476,-5.618495754355221
2.2499255292441793,-1.2968252597785719,0.27610265316156746,-13.619577142508795,-5.108270685158316
1.7260510452809927,-0.8727495939481883,-0.21168030372306013,-15.148016908552776,-4.943586732950103
-0.836358719037985,-0.5987070984447214,-1.3706373613698097,-15.555233344011338,-3.6929111335781073
-0.5202036126058195,-1.057400503994574,0.13657186458635326,-15.979928451158955,-3.47428310822206
0.20849400758743286,-1.0924656391143799,0.0037776674143970013,-16.04293721221287,-3.4074484894684867
-0.432745101868686,-0.960775449797402,0.01335468115966501,-16.351425044658956,-2.7684483185803157
-1.28194930636392,-0.3554999975346785,-0.11584923406316522,-16.943363453666425,-2.6959560563306435
-0.21666871011257172,0.14022673666477203,-0.989525318145752,-17.685192398920904,-2.6648773912891865
-0.026661046193645455,-0.24409458244070859,0.1472949434548505,-18.96653621190667,0.5378870526717269
0.15303224986916705,0.23562579555906665,0.05391128383682188,-18.981646525134575,0.7181600855694124
-0.023372205590456666,-0.07321653247653627,0.37781594034594346,-19.10664824261805,0.8995578954791379
-2.7667921567142817,-0.9670734394307168,2.6255611256521494,-11.278827898710418,-5.568162646283417
-1.2748740879829583,-0.015408473607464335,-3.7233671420966994,-12.498079132901458,-5.154632285766633
0.14430270978587867,-1.291460572157997,-0.8695773701939471,-15.035599905041646,-4.880581131571814
-0.5007144335451038,-1.2076347342540992,0.07466148665229218,-15.549884649585128,-3.6702276099535087
-0.34197789430618286,-1.193845272064209,-0.25506487488746643,-15.634338405013679,-3.3288733493752978
-1.3785695767663582,-0.11571285384574712,-0.8861662681481225,-15.946196298978624,-3.3260302572289158
-0.4645999196573944,-0.9720550369564105,0.14751614297359275,-16.276467271930258,-2.722484496549906
-0.21341272088268695,-0.9742711610471739,0.06632497562506001,-16.417448688449923,-2.6554565548522877
-1.0289396312792873,-0.054341894648841434,0.3648841036494039,-17.426467176859134,-2.6228533150162003
-0.9719349820683615,-0.12569768855538865,0.2874791057146198,-17.61184127690443,-2.3268591239917233
-0.3384937003727196,-0.23646826078235822,-0.4501170139725632,-18.24045138319344,0.5485932521345833
-0.43360886834231366,-0.24571588788246732,-0.23476217709132075,-18.3941958144553,0.6054778920840851
-0.3795252994895588,-0.21463729849855073,-0.16574674685629748,-18.636987693759934,0.6446975585333928
-0.1355711380685922,-0.20509865091489068,-0.2977155461251399,-18.822654111469934,0.675568404069793
-0.26744668051096954,0.005957767884934961,0.33139493683939447,-18.837631795160448,0.8643686336550654
0.06359036656735423,-0.15091560582566457,0.37829278530816157,-18.89549778222365,1.0447431561248688
0.434948760969359,-0.09926287938922401,0.056269515968681044,-18.920764411569454,1.178308180147544
0.030829908614255885,-0.07040288333792254,0.469424640588081,-18.9417817430338,1.2422871790145327
1.6428924850689324,-0.07612600896418742,0.35690059955794484,-16.493066603034684,-2.5293301325353634
-0.3346984719749151,-0.4021547172694705,0.1343810087060147,-18.193401108802377,0.5996171120745662
-0.3240370750427246,-0.8410302400588989,2.187102794647217,-14.60902439725329,-4.129855105987781
0.33826825486783174,0.1526798017354249,0.1949038581538194,-18.801509362158384,1.1611037925034942
-0.3241423674324172,-0.8274943589349765,2.1868335334249265,-14.636416108863298,-4.013324485066137
-0.23650691358819897,-0.17925686854430323,-0.31275641503208396,-18.72814940728138,0.71508039127288
-1.1418549795614392,0.10671617800833458,0.5279666426354812,-16.929084578799813,-2.3651056913058515
1.5763315634145951,0.10071971069227104,1.601102944434698,-14.5465514068847,-4.542941728854961
-2.4482572723383833,0.0017107563082738864,1.595924484481558,-13.395809177575511,-4.775898897800145
0.1664911269855822,-0.3621045823205129,1.7164852797254488,-16.274722197166028,-2.6970787760657386
-0.9780831271639967,0.30915673268382937,-0.12676837930941764,-17.4987672049663,-2.3224747330318873
